Immigration Stories, 138
Discrimination, 125
Racism, 108
High School, 68
Singing, 49
Fear, 46
Instrument Playing, 34
War Stories, 34
Gangs, 31
Strikes and Protests, 30
Dances, 28
Abuse, 26
Sex, 26
Reading, 23
Cancer, 23
Poverty, 22
Love, 22
Addictions, 21
Baseball, 20
Racial Identity, 20
Christmas, 20
Art, 18
Painting, 18
World War II, 18
Writing, 17
Adoption, 17
Architecture, 17
Ethnic Identity, 17
Grief, 16
Travel Stories, 16
Thanksgiving, 15
Special Education, 14
Civil Rights Movement, 14
Ethnic Foods, 14
Activism, 13
Theater, 11
Street Games, 11
Football, 11
Hope, 10
Radio, 10
Basketball, 10
Recipes, 10
Schoolyard Bullies, 10
Segregation, 10
Hospitals, 10
Anger, 9
Jokes, 9
Dating, 8
Doctors, 8
Trust, 8
Regret, 8
First Impressions of America, 8
Stereotyping, 8
Catholicism, 8
Anxiety, 8
Depression, 8
Politics, 8
Corner Stores, 8
Christianity, 8
Photography, 8
Housing projects, Public housing, 8
Family, 7
Prison Life, 7
Soccer, 7
Vietnam War, 7
Parades, 7
Enemies, 7
Happiness, 7
Aging, 7
Social Class, 7
Poetry, 7
Belief in God, 7
